5163232575-20210421.svg,5163232575,20210421
5152076918-20210418.svg,5152076918,20210418
5122626271-20210413.svg,5122626271,20210413
5104958920-20210410.svg,5104958920,20210410
5081682997-20210406.svg,5081682997,20210406
5016524830-20210327.svg,5016524830,20210327
5019364983-20210326.svg,5019364983,20210326
4993383552-20210322.svg,4993383552,20210322
4980784202-20210320.svg,4980784202,20210320
4965308947-20210317.svg,4965308947,20210317
4948821941-20210314.svg,4948821941,20210314
4936361200-20210312.svg,4936361200,20210312
4931386297-20210311.svg,4931386297,20210311
4920775947-20210309.svg,4920775947,20210309
4886291028-20210303.svg,4886291028,20210303
4874339064-20210301.svg,4874339064,20210301
4856144995-20210227.svg,4856144995,20210227
4844542858-20210224.svg,4844542858,20210224
4827570284-20210221.svg,4827570284,20210221
4697144641-20210128.svg,4697144641,20210128
4638500488-20210117.svg,4638500488,20210117
4557017491-20210102.svg,4557017491,20210102
4541999874-20201231.svg,4541999874,20201231
4531334634-20201228.svg,4531334634,20201228
4517131801-20201225.svg,4517131801,20201225
4513474526-20201224.svg,4513474526,20201224
4464922192-20201213.svg,4464922192,20201213
4464052239-20201212.svg,4464052239,20201212
4410103701-20201129.svg,4410103701,20201129
4408582511-20201129.svg,4408582511,20201129
4403574135-20201128.svg,4403574135,20201128
4381962390-20201123.svg,4381962390,20201123
4376442173-20201122.svg,4376442173,20201122
4367167157-20201121.svg,4367167157,20201121
4353521556-20201117.svg,4353521556,20201117
4337090951-20201114.svg,4337090951,20201114
4310486936-20201108.svg,4310486936,20201108
4303729622-20201107.svg,4303729622,20201107
4292095960-20201105.svg,4292095960,20201105
4282681584-20201103.svg,4282681584,20201103
4271588361-20201101.svg,4271588361,20201101
4268068357-20201031.svg,4268068357,20201031
4231218475-20201023.svg,4231218475,20201023
4226163141-20201021.svg,4226163141,20201021
4217583559-20201019.svg,4217583559,20201019
4213560185-20201018.svg,4213560185,20201018
4199448043-20201015.svg,4199448043,20201015
4199231407-20201015.svg,4199231407,20201015
4195604162-20201014.svg,4195604162,20201014
4183226970-20201011.svg,4183226970,20201011
4173745869-20201009.svg,4173745869,20201009
4169453599-20201008.svg,4169453599,20201008
4160620344-20201006.svg,4160620344,20201006
4156245226-20201005.svg,4156245226,20201005
4142930790-20201002.svg,4142930790,20201002
4134637002-20200930.svg,4134637002,20200930
4125378052-20200928.svg,4125378052,20200928
4117128864-20200927.svg,4117128864,20200927
4110399985-20200925.svg,4110399985,20200925
4103558225-20200923.svg,4103558225,20200923
4098986655-20200922.svg,4098986655,20200922
4094156330-20200921.svg,4094156330,20200921
4070593219-20200916.svg,4070593219,20200916
4065635255-20200915.svg,4065635255,20200915
4060572322-20200914.svg,4060572322,20200914
4054640290-20200913.svg,4054640290,20200913
4050784596-20200912.svg,4050784596,20200912
4045816333-20200911.svg,4045816333,20200911
4031986014-20200908.svg,4031986014,20200908
4024977309-20200907.svg,4024977309,20200907
4017851128-20200905.svg,4017851128,20200905
4011956443-20200904.svg,4011956443,20200904
3605304473-20200613.svg,3605304473,20200613
3194219137-20200318.svg,3194219137,20200318
3189138177-20200316.svg,3189138177,20200316
3188266839-20200316.svg,3188266839,20200316
3188125241-20200316.svg,3188125241,20200316
3180318926-20200313.svg,3180318926,20200313
3179344694-20200313.svg,3179344694,20200313
3178146767-20200312.svg,3178146767,20200312
3176763400-20200312.svg,3176763400,20200312
3175469335-20200311.svg,3175469335,20200311
3173822042-20200311.svg,3173822042,20200311
3172492608-20200310.svg,3172492608,20200310
3170855109-20200310.svg,3170855109,20200310
3169599831-20200309.svg,3169599831,20200309
3168166639-20200309.svg,3168166639,20200309
3157736572-20200305.svg,3157736572,20200305
3156181724-20200305.svg,3156181724,20200305
3154904053-20200304.svg,3154904053,20200304
3153238782-20200304.svg,3153238782,20200304
3151972025-20200303.svg,3151972025,20200303
3150296482-20200303.svg,3150296482,20200303
3149099075-20200302.svg,3149099075,20200302
3147633605-20200302.svg,3147633605,20200302
3135008655-20200226.svg,3135008655,20200226
3133484458-20200226.svg,3133484458,20200226
3132243916-20200225.svg,3132243916,20200225
3130606452-20200225.svg,3130606452,20200225
3129282560-20200224.svg,3129282560,20200224
3127847405-20200224.svg,3127847405,20200224
3120220964-20200221.svg,3120220964,20200221
3118972492-20200221.svg,3118972492,20200221
3117757017-20200220.svg,3117757017,20200220
3116272764-20200220.svg,3116272764,20200220
3114931323-20200219.svg,3114931323,20200219
3113411806-20200219.svg,3113411806,20200219
3112082040-20200218.svg,3112082040,20200218
3110420508-20200218.svg,3110420508,20200218
3100013043-20200214.svg,3100013043,20200214
3098807673-20200214.svg,3098807673,20200214
3097537206-20200213.svg,3097537206,20200213
3096190962-20200213.svg,3096190962,20200213
3095130817-20200212.svg,3095130817,20200212
3093318327-20200212.svg,3093318327,20200212
3092038502-20200211.svg,3092038502,20200211
3090486237-20200211.svg,3090486237,20200211
3089237384-20200210.svg,3089237384,20200210
3087933338-20200210.svg,3087933338,20200210
3080620502-20200207.svg,3080620502,20200207
3079301986-20200207.svg,3079301986,20200207
3078128693-20200206.svg,3078128693,20200206
3076557351-20200206.svg,3076557351,20200206
3075325703-20200205.svg,3075325703,20200205
3073696082-20200205.svg,3073696082,20200205
3072365562-20200204.svg,3072365562,20200204
3070754220-20200204.svg,3070754220,20200204
3069415651-20200203.svg,3069415651,20200203
3067964373-20200203.svg,3067964373,20200203
3060426627-20200131.svg,3060426627,20200131
3059022650-20200131.svg,3059022650,20200131
3057852684-20200130.svg,3057852684,20200130
3056310368-20200130.svg,3056310368,20200130
3055059040-20200129.svg,3055059040,20200129
3053432967-20200129.svg,3053432967,20200129
3052122403-20200128.svg,3052122403,20200128
3050541638-20200128.svg,3050541638,20200128
3049208104-20200127.svg,3049208104,20200127
3047827614-20200127.svg,3047827614,20200127
3039160250-20200124.svg,3039160250,20200124
3037621316-20200123.svg,3037621316,20200123
3036176889-20200123.svg,3036176889,20200123
3034997888-20200122.svg,3034997888,20200122
3033423080-20200122.svg,3033423080,20200122
3032099233-20200121.svg,3032099233,20200121
3030494101-20200121.svg,3030494101,20200121
3020211059-20200117.svg,3020211059,20200117
3018897857-20200117.svg,3018897857,20200117
3017801205-20200116.svg,3017801205,20200116
3016144918-20200116.svg,3016144918,20200116
3014827167-20200115.svg,3014827167,20200115
3013223433-20200115.svg,3013223433,20200115
3012247162-20200114.svg,3012247162,20200114
3010297258-20200114.svg,3010297258,20200114
3009051355-20200113.svg,3009051355,20200113
3007549617-20200113.svg,3007549617,20200113
3006747890-20200112.svg,3006747890,20200112
3005480084-20200112.svg,3005480084,20200112
2999738055-20200110.svg,2999738055,20200110
2998386508-20200110.svg,2998386508,20200110
2997221723-20200109.svg,2997221723,20200109
2995665051-20200109.svg,2995665051,20200109
2994555080-20200108.svg,2994555080,20200108
2992816270-20200108.svg,2992816270,20200108
2991437807-20200107.svg,2991437807,20200107
2989845500-20200107.svg,2989845500,20200107
2988605878-20200106.svg,2988605878,20200106
2987069037-20200106.svg,2987069037,20200106
2981992018-20200104.svg,2981992018,20200104
2971275778-20191231.svg,2971275778,20191231
2970282955-20191231.svg,2970282955,20191231
2968945072-20191230.svg,2968945072,20191230
2967591013-20191230.svg,2967591013,20191230
2943945829-20191219.svg,2943945829,20191219
2942936536-20191219.svg,2942936536,20191219
2942075477-20191218.svg,2942075477,20191218
2940902742-20191218.svg,2940902742,20191218
2937729682-20191216.svg,2937729682,20191216
2936641269-20191216.svg,2936641269,20191216
2933361828-20191214.svg,2933361828,20191214
2930902372-20191213.svg,2930902372,20191213
2930045438-20191213.svg,2930045438,20191213
2929181889-20191212.svg,2929181889,20191212
2928119914-20191212.svg,2928119914,20191212
2927284394-20191211.svg,2927284394,20191211
2926020237-20191211.svg,2926020237,20191211
2925013361-20191210.svg,2925013361,20191210
2923809029-20191210.svg,2923809029,20191210
2915829183-20191206.svg,2915829183,20191206
2914863485-20191206.svg,2914863485,20191206
2913985346-20191205.svg,2913985346,20191205
2912775001-20191205.svg,2912775001,20191205
2911862633-20191204.svg,2911862633,20191204
2910583046-20191204.svg,2910583046,20191204
2909525996-20191203.svg,2909525996,20191203
2908241861-20191203.svg,2908241861,20191203
2900489980-20191129.svg,2900489980,20191129
2898173199-20191128.svg,2898173199,20191128
2895188698-20191127.svg,2895188698,20191127
2893885504-20191126.svg,2893885504,20191126
2892585343-20191126.svg,2892585343,20191126
2891493973-20191125.svg,2891493973,20191125
2890226678-20191125.svg,2890226678,20191125
2883944956-20191122.svg,2883944956,20191122
2883014327-20191122.svg,2883014327,20191122
2882159651-20191121.svg,2882159651,20191121
2880844722-20191121.svg,2880844722,20191121
2879805555-20191120.svg,2879805555,20191120
2878516052-20191120.svg,2878516052,20191120
2877372677-20191119.svg,2877372677,20191119
2876032960-20191119.svg,2876032960,20191119
2874928283-20191118.svg,2874928283,20191118
2873745384-20191118.svg,2873745384,20191118
2867360246-20191115.svg,2867360246,20191115
2866337665-20191115.svg,2866337665,20191115
2865375314-20191114.svg,2865375314,20191114
2864213278-20191114.svg,2864213278,20191114
2863274552-20191113.svg,2863274552,20191113
2861946180-20191113.svg,2861946180,20191113
2860832979-20191112.svg,2860832979,20191112
2859582900-20191112.svg,2859582900,20191112
2858552922-20191111.svg,2858552922,20191111
2857294932-20191111.svg,2857294932,20191111
2831813887-20191031.svg,2831813887,20191031
2830627491-20191031.svg,2830627491,20191031
2829544915-20191030.svg,2829544915,20191030
2828297644-20191030.svg,2828297644,20191030
2827565497-20191029.svg,2827565497,20191029
2825740988-20191029.svg,2825740988,20191029
2824694492-20191028.svg,2824694492,20191028
2823358593-20191028.svg,2823358593,20191028
2816657269-20191025.svg,2816657269,20191025
2815528656-20191025.svg,2815528656,20191025
2814460539-20191024.svg,2814460539,20191024
2813159832-20191024.svg,2813159832,20191024
2812029052-20191023.svg,2812029052,20191023
2810637185-20191023.svg,2810637185,20191023
2809784351-20191022.svg,2809784351,20191022
2808027489-20191022.svg,2808027489,20191022
2806927845-20191021.svg,2806927845,20191021
2805638314-20191021.svg,2805638314,20191021
2801395690-20191019.svg,2801395690,20191019
2799042941-20191018.svg,2799042941,20191018
2797937890-20191018.svg,2797937890,20191018
2796943842-20191017.svg,2796943842,20191017
2795566287-20191017.svg,2795566287,20191017
2793090421-20191016.svg,2793090421,20191016
2791963200-20191015.svg,2791963200,20191015
2789349457-20191014.svg,2789349457,20191014
2787997466-20191014.svg,2787997466,20191014
2786804847-20191013.svg,2786804847,20191013
2783829081-20191012.svg,2783829081,20191012
2781475024-20191012.svg,2781475024,20191012
2781103694-20191011.svg,2781103694,20191011
2779942373-20191011.svg,2779942373,20191011
2778823281-20191010.svg,2778823281,20191010
2777522719-20191010.svg,2777522719,20191010
2775010015-20191009.svg,2775010015,20191009
2773681341-20191008.svg,2773681341,20191008
2772305005-20191008.svg,2772305005,20191008
2771210913-20191007.svg,2771210913,20191007
2769859135-20191007.svg,2769859135,20191007
2768699962-20191006.svg,2768699962,20191006
2765692735-20191005.svg,2765692735,20191005
2763100691-20191004.svg,2763100691,20191004
2761898943-20191004.svg,2761898943,20191004
2758205787-20191002.svg,2758205787,20191002
2756837190-20191002.svg,2756837190,20191002
2755596676-20191001.svg,2755596676,20191001
2754173028-20191001.svg,2754173028,20191001
2752858221-20190930.svg,2752858221,20190930
2751681515-20190930.svg,2751681515,20190930
2750992201-20190929.svg,2750992201,20190929
2747192560-20190928.svg,2747192560,20190928
2746565776-20190928.svg,2746565776,20190928
2744984180-20190927.svg,2744984180,20190927
2743603394-20190927.svg,2743603394,20190927
2742510347-20190926.svg,2742510347,20190926
2741102185-20190926.svg,2741102185,20190926
2740003432-20190925.svg,2740003432,20190925
2738500544-20190925.svg,2738500544,20190925
2737247772-20190924.svg,2737247772,20190924
2735751993-20190924.svg,2735751993,20190924
2728848601-20190921.svg,2728848601,20190921
2720795408-20190918.svg,2720795408,20190918
2719187967-20190918.svg,2719187967,20190918
2717825337-20190917.svg,2717825337,20190917
2716190449-20190917.svg,2716190449,20190917
2714970257-20190916.svg,2714970257,20190916
2713464140-20190916.svg,2713464140,20190916
2704528529-20190913.svg,2704528529,20190913
2703319451-20190912.svg,2703319451,20190912
2701739893-20190912.svg,2701739893,20190912
2700480312-20190911.svg,2700480312,20190911
2698892462-20190911.svg,2698892462,20190911
2697739366-20190910.svg,2697739366,20190910
2695884433-20190910.svg,2695884433,20190910
2694580650-20190909.svg,2694580650,20190909
2693190759-20190909.svg,2693190759,20190909
2688739166-20190907.svg,2688739166,20190907
2685689785-20190906.svg,2685689785,20190906
2684468815-20190906.svg,2684468815,20190906
2683246365-20190905.svg,2683246365,20190905
2681750138-20190905.svg,2681750138,20190905
2680563690-20190904.svg,2680563690,20190904
2678877133-20190904.svg,2678877133,20190904
2677600227-20190903.svg,2677600227,20190903
2675849250-20190903.svg,2675849250,20190903
2668727764-20190831.svg,2668727764,20190831
2665178532-20190830.svg,2665178532,20190830
2664329165-20190830.svg,2664329165,20190830
2663074593-20190829.svg,2663074593,20190829
2661534678-20190829.svg,2661534678,20190829
2660314921-20190828.svg,2660314921,20190828
2658675905-20190828.svg,2658675905,20190828
2633701785-20190819.svg,2633701785,20190819
2632229475-20190819.svg,2632229475,20190819
2631142626-20190818.svg,2631142626,20190818
2627923953-20190817.svg,2627923953,20190817
2624617006-20190816.svg,2624617006,20190816
2623729520-20190816.svg,2623729520,20190816
2622473180-20190815.svg,2622473180,20190815
2620936083-20190815.svg,2620936083,20190815
2619534055-20190814.svg,2619534055,20190814
2618079600-20190814.svg,2618079600,20190814
2616991782-20190813.svg,2616991782,20190813
2615091007-20190813.svg,2615091007,20190813
2613745033-20190812.svg,2613745033,20190812
2612340843-20190812.svg,2612340843,20190812
2608005439-20190810.svg,2608005439,20190810
2604766504-20190809.svg,2604766504,20190809
2604051500-20190809.svg,2604051500,20190809
2602926626-20190808.svg,2602926626,20190808
2601242760-20190808.svg,2601242760,20190808
2598377590-20190807.svg,2598377590,20190807
2597046636-20190806.svg,2597046636,20190806
2595399420-20190806.svg,2595399420,20190806
2594190958-20190805.svg,2594190958,20190805
2592592401-20190805.svg,2592592401,20190805
2588164376-20190803.svg,2588164376,20190803
2584872240-20190802.svg,2584872240,20190802
2583876008-20190802.svg,2583876008,20190802
2582637385-20190801.svg,2582637385,20190801
2581070446-20190801.svg,2581070446,20190801
2578231911-20190731.svg,2578231911,20190731
2576910429-20190730.svg,2576910429,20190730
2575327307-20190730.svg,2575327307,20190730
2574418275-20190729.svg,2574418275,20190729
2560427426-20190724.svg,2560427426,20190724
2558999783-20190724.svg,2558999783,20190724
2552316633-20190721.svg,2552316633,20190721
2549120782-20190720.svg,2549120782,20190720
2545889487-20190719.svg,2545889487,20190719
2545073915-20190719.svg,2545073915,20190719
2543911067-20190718.svg,2543911067,20190718
2542408360-20190718.svg,2542408360,20190718
2541158271-20190717.svg,2541158271,20190717
2539606682-20190717.svg,2539606682,20190717
2538258624-20190716.svg,2538258624,20190716
2536554234-20190716.svg,2536554234,20190716
2535246283-20190715.svg,2535246283,20190715
2533839096-20190715.svg,2533839096,20190715
2532664881-20190714.svg,2532664881,20190714
2526456152-20190712.svg,2526456152,20190712
2525542120-20190712.svg,2525542120,20190712
2522933651-20190711.svg,2522933651,20190711
2521706428-20190710.svg,2521706428,20190710
2520158922-20190710.svg,2520158922,20190710
2518854422-20190709.svg,2518854422,20190709
2517149337-20190709.svg,2517149337,20190709
2515874762-20190708.svg,2515874762,20190708
2514350692-20190708.svg,2514350692,20190708
2510095581-20190706.svg,2510095581,20190706
2504063417-20190704.svg,2504063417,20190704
2502274209-20190703.svg,2502274209,20190703
2500475129-20190703.svg,2500475129,20190703
2499249296-20190702.svg,2499249296,20190702
2497571769-20190702.svg,2497571769,20190702
2496294022-20190701.svg,2496294022,20190701
2494866114-20190701.svg,2494866114,20190701
2491021240-20190629.svg,2491021240,20190629
2487779818-20190628.svg,2487779818,20190628
2487073853-20190628.svg,2487073853,20190628
2485866534-20190627.svg,2485866534,20190627
2484512290-20190627.svg,2484512290,20190627
2483297411-20190626.svg,2483297411,20190626
2481807585-20190626.svg,2481807585,20190626
2477887476-20190624.svg,2477887476,20190624
2476364271-20190624.svg,2476364271,20190624
2458890650-20190617.svg,2458890650,20190617
2457236020-20190617.svg,2457236020,20190617
2453101154-20190615.svg,2453101154,20190615
2449919638-20190614.svg,2449919638,20190614
2449033936-20190614.svg,2449033936,20190614
2445624746-20190612.svg,2445624746,20190612
2443972755-20190612.svg,2443972755,20190612
2442705209-20190611.svg,2442705209,20190611
2441340179-20190611.svg,2441340179,20190611
2431370901-20190607.svg,2431370901,20190607
2430586069-20190607.svg,2430586069,20190607
2429542643-20190606.svg,2429542643,20190606
2428067844-20190606.svg,2428067844,20190606
2424047874-20190604.svg,2424047874,20190604
2422540383-20190604.svg,2422540383,20190604
2421455609-20190603.svg,2421455609,20190603
2419922805-20190603.svg,2419922805,20190603
2414535633-20190601.svg,2414535633,20190601
2412261031-20190531.svg,2412261031,20190531
2411424629-20190531.svg,2411424629,20190531
2400205174-20190526.svg,2400205174,20190526
2397224536-20190525.svg,2397224536,20190525
2393836627-20190524.svg,2393836627,20190524
2393065417-20190524.svg,2393065417,20190524
2389302756-20190522.svg,2389302756,20190522
2387712814-20190522.svg,2387712814,20190522
2386441458-20190521.svg,2386441458,20190521
2384939741-20190521.svg,2384939741,20190521
2384098132-20190520.svg,2384098132,20190520
2382509154-20190520.svg,2382509154,20190520
2381185368-20190519.svg,2381185368,20190519
2371009262-20190515.svg,2371009262,20190515
2369391342-20190515.svg,2369391342,20190515
2357209227-20190510.svg,2357209227,20190510
2356022043-20190510.svg,2356022043,20190510
2355185018-20190509.svg,2355185018,20190509
2353696260-20190509.svg,2353696260,20190509
2352622310-20190508.svg,2352622310,20190508
2351308792-20190508.svg,2351308792,20190508
2350225502-20190507.svg,2350225502,20190507
2348653687-20190507.svg,2348653687,20190507
2347476968-20190506.svg,2347476968,20190506
2346276810-20190506.svg,2346276810,20190506
2339437193-20190503.svg,2339437193,20190503
2338407194-20190503.svg,2338407194,20190503
2335163611-20190502.svg,2335163611,20190502
2333187669-20190501.svg,2333187669,20190501
2329088847-20190429.svg,2329088847,20190429
2327818258-20190429.svg,2327818258,20190429
2323100058-20190427.svg,2323100058,20190427
2318985627-20190425.svg,2318985627,20190425
2317719885-20190425.svg,2317719885,20190425
2316465624-20190424.svg,2316465624,20190424
2315136367-20190424.svg,2315136367,20190424
2313973407-20190423.svg,2313973407,20190423
2312273534-20190423.svg,2312273534,20190423
2305957306-20190420.svg,2305957306,20190420
2300429430-20190418.svg,2300429430,20190418
2299056869-20190418.svg,2299056869,20190418
2297871617-20190417.svg,2297871617,20190417
2296463077-20190417.svg,2296463077,20190417
2295204944-20190416.svg,2295204944,20190416
2293832575-20190416.svg,2293832575,20190416
2287666382-20190413.svg,2287666382,20190413
2285046686-20190412.svg,2285046686,20190412
2284016582-20190412.svg,2284016582,20190412
2283025053-20190411.svg,2283025053,20190411
2281656374-20190411.svg,2281656374,20190411
2280517939-20190410.svg,2280517939,20190410
2279247768-20190410.svg,2279247768,20190410
2275624827-20190408.svg,2275624827,20190408
2274388593-20190408.svg,2274388593,20190408
2273461561-20190407.svg,2273461561,20190407
2265593973-20190404.svg,2265593973,20190404
2264265955-20190404.svg,2264265955,20190404
2263491069-20190403.svg,2263491069,20190403
2261955765-20190403.svg,2261955765,20190403
2260982655-20190402.svg,2260982655,20190402
1987552458-20181127.svg,1987552458,20181127
1982939901-20181124.svg,1982939901,20181124
1979448700-20181122.svg,1979448700,20181122
1976191995-20181120.svg,1976191995,20181120
1975240402-20181120.svg,1975240402,20181120
1974458455-20181119.svg,1974458455,20181119
1973574093-20181119.svg,1973574093,20181119
1968600521-20181116.svg,1968600521,20181116
1964156477-20181114.svg,1964156477,20181114
1959752369-20181111.svg,1959752369,20181111
1953966386-20181108.svg,1953966386,20181108
1953013103-20181108.svg,1953013103,20181108
1952112053-20181107.svg,1952112053,20181107
1951173610-20181107.svg,1951173610,20181107
1944080770-20181103.svg,1944080770,20181103
1941997049-20181102.svg,1941997049,20181102
1941193560-20181102.svg,1941193560,20181102
